Name,Building Number,Street Address,Street Name,Street Suffix,City,Postcode,Country,Country Code,Job,Social Security Number,Currency,Bank,Bank IBAN,Bank SWIFT-Branch/Office,Bank SWIFT-11 digit,Credit Card Provider,Credit Card Number,CC Security Code,CC Expire,CC Full,IPv4 Public,IPv4 Private
Jared King,17634,309 Alyssa Freeway Suite 538,Jason Park,Manor,Lake Paula,53407,Morocco,PG,Estate manager/land agent,898-56-5496,"('FKP', 'Falkland Islands pound')",GB,GB88OQJB36157310300706,SNXDGBA2,YLOFGBPWZ4N,JCB 16 digit,6011446979235834,739,11/27,"Discover
Samantha Johnson
6011984440670098 05/24
CVC: 658
",172.26.57.180,
Thomas Wright,604,721 Kathy Prairie,Beth Port,Center,South Josephhaven,60822,Chile,IE,"Programme researcher, broadcasting/film/video",770-41-7929,"('GHS', 'Ghanaian cedi')",GB,GB20HCYB16486353449520,GRYWGBUJ,ZKKDGBQFEAX,VISA 16 digit,6011100742208772,360,01/33,"Discover
Barry Arnold
6011056341540645 05/30
CVC: 917
",10.172.22.105,
Samantha Stark,52974,403 Shelby Path,Carrie Camp,Forks,Meghanborough,94059,United States Minor Outlying Islands,IE,Fitness centre manager,097-05-3289,"('CUP', 'Cuban peso')",GB,GB83LHYP81771096249331,FAQBGBX3,MOOSGBYI6JV,Mastercard,6011884131513187,076,10/33,"Discover
Cathy Kim
6011907662631019 12/31
CVC: 301
",10.50.172.3,
Joshua Butler,29676,89166 Hogan Divide,Andrew Turnpike,Falls,Jacobmouth,65643,Zambia,EG,Nutritional therapist,819-79-9914,"('AUD', 'Australian dollar')",GB,GB20YPGO36168279920497,ETOVGBI0,VCKGGB05UTB,American Express,6573624924653299,030,08/24,"Discover
Zachary Love
6515871489588847 10/33
CVC: 050
",172.28.117.38,
Tammy Stewart,23036,13512 Thomas Vista,Lowe Tunnel,Tunnel,Santanafurt,36808,Mongolia,LB,Armed forces operational officer,074-47-9953,"('DZD', 'Algerian dinar')",GB,GB90DCDL13763260113252,PYVYGBXJ,HSIVGBYZRGT,American Express,6011597189237950,549,05/26,"Discover
Brittany Garcia
6011696267788783 02/25
CVC: 863
",172.20.145.105,
Joshua Johnson,520,94332 Burke Haven,Christine Brook,Mews,East Sarahtown,81549,Turkey,DK,"Designer, industrial/product",201-84-6516,"('PHP', 'Philippine peso')",GB,GB14PNTE25580203759408,KPOVGBIT,JQCUGB5BKZ4,VISA 16 digit,6011821671485129,597,03/30,"Discover
Caroline Greene
6518242726216823 06/28
CVC: 035
",172.28.95.95,
Jennifer Richardson,1935,1370 Frank Key Suite 768,Walters Cape,Knoll,Allisonmouth,74248,Mauritania,FJ,Broadcast engineer,559-84-3748,"('SRD', 'Surinamese dollar')",GB,GB40IBKM74364647191444,KQSDGB4U,HAVIGBF6O7B,Diners Club / Carte Blanche,6574423607458111,333,08/24,"Discover
Jessica Fields
6521634455556558 01/31
CVC: 751
",172.29.106.98,
Phillip Fischer,089,94304 Reed Pines Suite 394,Julie Mount,Lights,New Tylerborough,56573,Guinea,NZ,Television camera operator,367-09-3851,"('RUB', 'Russian ruble')",GB,GB13AKZQ02167953566930,QYHAGB9E,YTAUGBB2VA8,Diners Club / Carte Blanche,6011587978573582,251,03/32,"Discover
Ryan Jones
6519100285065065 11/28
CVC: 273
",192.168.155.118,
Julie Lee,9135,7896 Raymond Tunnel,Brown Causeway,Orchard,New Brian,60753,South Africa,CR,Financial controller,529-69-1043,"('MZN', 'Mozambican metical')",GB,GB57PMJK88809162032851,JZXIGB9N,NDZBGBWIX26,JCB 15 digit,6011959153711024,816,02/24,"Discover
Maria James
6011235160104739 04/32
CVC: 759
",172.23.109.89,
Jennifer Wilcox,902,19248 Jessica Oval,Caldwell Walk,Fall,Smithfort,12244,Saint Kitts and Nevis,TH,"Engineer, technical sales",684-19-7264,"('MVR', 'Maldivian rufiyaa')",GB,GB13ABZP10236584867553,PUQTGB6K,CIVJGB6B0DK,JCB 15 digit,6578669792086200,694,08/32,"Discover
Donna Jones
6011454588151673 06/26
CVC: 416
",192.168.92.73,
