Name,Building Number,Street Address,Street Name,Street Suffix,City,Postcode,Country,Country Code,Job,Social Security Number,Currency,Bank,Bank IBAN,Bank SWIFT-Branch/Office,Bank SWIFT-11 digit,Credit Card Provider,Credit Card Number,CC Security Code,CC Expire,CC Full
Theodore Contreras,2366,5323 Melissa Falls Suite 125,Green Locks,Rapids,West Connie,27682,Latvia,PA,Architectural technologist,702-09-6028,"('GHS', 'Ghanaian cedi')",GB,GB84BGYL55282036650421,XVQZGBZK,DPQZGB3QCQJ,Mastercard,6574657060392933,533,04/31,"Discover
Cole Austin
6522497518895341 01/28
CVC: 900
"
Edward Allen,1974,605 Payne Burgs,Shannon Mission,Parks,Anthonyview,23136,Moldova,ZM,Recycling officer,363-39-7181,"('KZT', 'Kazakhstani tenge')",GB,GB91LSTE38890323859936,ZURPGBUY,UABFGBC1E3J,VISA 16 digit,6011452645129906,750,03/27,"Discover
Rebecca Hughes
6540902658845830 09/32
CVC: 595
"
