Name,Data of Birth,Building Number,Street Address,Street Name,Street Suffix,City,Postcode,Country,Country Code,Job,Social Security Number,Currency,Bank,Bank IBAN,Bank SWIFT-Branch/Office,Bank SWIFT-11 digit,Credit Card Provider,Credit Card Number,CC Security Code,CC Expire,CC Full,IPv4 Public,IPv4 Private,MAC Address,MRN
Frances Charles,1966-02-03,29580,079 Sally Estates Apt. 413,Cisneros Motorway,Isle,North Ashleyside,33341,Gambia,BN,Translator,697-52-0304,"('PAB', 'Panamanian balboa')",GB,GB44ABLZ22949910535705,APVVGBDD,JDRBGBSTCIG,Maestro,6540932993420478,537,05/25,"Discover
Devin Richardson
6011321924521911 07/28
CVC: 669
",223.255.175.238,172.29.18.22,MAC:: 62:C7:6F:B7:67:79:96,XXX6097266
Cassidy Hughes,1969-06-26,56359,388 Jackson Gateway,Garcia Track,Road,East Toddville,66016,Romania,KM,Associate Professor,357-59-7488,"('CZK', 'Czech koruna')",GB,GB42EDPV18660540218370,QZQKGBZE,KQRHGBJ6RBX,VISA 16 digit,6563004732902091,035,04/32,"Discover
Lydia Newton
6568795651777241 05/24
CVC: 456
",55.120.213.28,192.168.213.19,MAC:: 1A:1D:3A:1C:C6:5D:70,MMM54897
Lisa Burns,2002-05-19,2732,269 Morris Prairie,Moore Circles,Circle,North Shannonmouth,98967,Tajikistan,DJ,Adult nurse,520-18-3454,"('NAD', 'Namibian dollar')",GB,GB20KXTI48219718595344,DTQRGBJ9,XDSAGBFVMGL,American Express,6519874777114900,728,10/24,"Discover
Kimberly Martinez
6586641517732723 10/31
CVC: 575
",94.161.234.143,10.104.52.110,MAC:: 42:77:76:90:06:AD:C0,DD35249577
Sue Jenkins,1982-02-16,687,91218 Tucker Inlet,Murray Isle,Fort,Lake Davidport,42806,Croatia,MT,"Horticulturist, commercial",516-03-1824,"('FKP', 'Falkland Islands pound')",GB,GB70HNKV94002628289232,OYSJGBEG,YBKBGB7GNFF,VISA 13 digit,6011683941361724,443,07/32,"Discover
Jose Willis
6011304221750391 09/31
CVC: 819
",221.217.192.1,172.28.194.194,MAC:: F0:76:1B:80:99:0B:53,FFF8381916
Matthew Adams,1973-05-30,9993,93452 James Views Suite 703,Deleon Vista,Forges,West Timothy,66485,Antarctica (the territory South of 60 deg S),GE,"Engineer, technical sales",569-89-5986,"('CNY', 'Renminbi')",GB,GB48EPGM68572061673780,BHHRGBEA,TUUGGB68HFQ,VISA 19 digit,6011092580576081,200,12/27,"Discover
Ronald Shelton
6562001602995461 11/27
CVC: 927
",220.41.247.208,172.19.42.24,MAC:: 28:64:77:4D:A0:01:E5,GG60634743
Anne Curtis,1992-04-24,984,71777 Matthew Points Apt. 604,Randy Causeway,Drive,West Davidborough,68582,Luxembourg,CM,Operational investment banker,424-36-6671,"('GEL', 'Georgian lari')",GB,GB84YEPB74060749453831,YCWNGBVR,RNPIGBHEPCL,VISA 19 digit,6011560761116851,151,01/31,"Discover
Gina Craig
6011081118865868 06/30
CVC: 886
",11.75.194.131,10.134.233.84,MAC:: 1C:AF:E3:6F:51:4D:D2,JJJ6898499
Justin Scott,1987-08-17,3344,36822 Alexandra Bridge Suite 055,Williams Mall,Mall,Torresbury,43350,French Guiana,HN,"Scientist, forensic",676-89-4429,"('IDR', 'Indonesian rupiah')",GB,GB62GBMW01725937362169,BWFKGBLB,UHKRGBEC8LW,Diners Club / Carte Blanche,6011231629117503,492,08/26,"Discover
Roberto Brown
6011272363649129 03/25
CVC: 435
",195.107.86.186,10.4.97.209,MAC:: 88:C9:B5:C7:3C:75:18,ZZ13078679
Sean Maddox,1972-02-06,36062,82149 Nguyen Squares,Keith Burgs,Grove,Foxberg,91633,Palau,PW,Environmental consultant,515-12-9591,"('SVC', 'Salvadoran col√≥n')",GB,GB41KKQL80029299334224,PCNVGBKT,RKFOGB5ONMI,JCB 15 digit,6501987859865262,150,06/29,"Discover
Deborah Mcintosh
6511062713359395 01/31
CVC: 793
",222.51.100.90,192.168.212.117,MAC:: 0F:D5:66:B9:A8:3C:50,CC41884518
Jessica Lopez,1983-10-13,192,009 Amy Land,Brooks Alley,Estates,Nicolechester,93515,Slovenia,FI,Herbalist,181-02-5018,"('TTD', 'Trinidad and Tobago dollar')",GB,GB62HYIU42515517235795,RXGYGBQF,PIPYGBXLHXB,VISA 13 digit,6552937706962760,964,01/31,"Discover
Angela Potts
6578793706392452 05/30
CVC: 101
",216.169.2.188,10.74.194.224,MAC:: 12:A4:E9:19:F0:EB:AF,NNN9825322
Michael Nelson,1983-07-16,9988,4177 Christopher Alley,Thompson Valleys,Summit,West Gina,06997,Comoros,CR,Chemical engineer,821-11-1091,"('XPF', 'CFP franc')",GB,GB14FIRI04613292012866,RHCAGBOF,WAAYGBOF0D1,JCB 16 digit,6523951603903229,258,11/24,"Discover
Christina Carr
6011005383871681 09/28
CVC: 324
",215.208.75.162,192.168.84.126,MAC:: 07:CE:2D:32:91:EE:33,KKK258399
